Workbook

Sheet Source_and_Checks
A1: Source: EY Value Realized 2025 (PDF, 115 pages). Not EY-audited data entered by hand; verify against the PDF.
A2: Revenue: PDF page 7 (US$ billions, rounded to 0.1). Headcount: PDF page 66, 'People by service line' (read from screenshot). Blue = reported totals typed from the PDF.
A4: Check | B4: FY23 | C4: FY24 | D4: FY25 | E4: Status FY23 | F4: Status FY24 | G4: Status FY25
A5: Revenue by service line (US$b): reported total (input) | B5: 49.4 | C5: 51.2 | D5: 53.2
A6: Revenue by service line (US$b): sum of fact rows | B6: =ROUND(SUMIFS(FactRevenueServiceLine!$C:$C,FactRevenueServiceLine!$A:$A,B$4),1) -> 49.4 | C6: =ROUND(SUMIFS(FactRevenueServiceLine!$C:$C,FactRevenueServiceLine!$A:$A,C$4),1) -> 51.2 | D6: =ROUND(SUMIFS(FactRevenueServiceLine!$C:$C,FactRevenueServiceLine!$A:$A,D$4),1) -> 53.2
A7: Revenue by service line (US$b): difference | B7: =B6-B5 -> 0 | C7: =C6-C5 -> 0 | D7: =D6-D5 -> 0 | E7: =IF(ABS(B7)<=0.05,"OK","DIFFERENCE") -> OK | F7: =IF(ABS(C7)<=0.05,"OK","DIFFERENCE") -> OK | G7: =IF(ABS(D7)<=0.05,"OK","DIFFERENCE") -> OK
A9: Revenue by area (US$b): reported total (input) | B9: 49.4 | C9: 51.2 | D9: 53.2
A10: Revenue by area (US$b): sum of fact rows | B10: =ROUND(SUMIFS(FactRevenueArea!$C:$C,FactRevenueArea!$A:$A,B$4),1) -> 49.4 | C10: =ROUND(SUMIFS(FactRevenueArea!$C:$C,FactRevenueArea!$A:$A,C$4),1) -> 51.2 | D10: =ROUND(SUMIFS(FactRevenueArea!$C:$C,FactRevenueArea!$A:$A,D$4),1) -> 53.2
A11: Revenue by area (US$b): difference | B11: =B10-B9 -> 0 | C11: =C10-C9 -> 0 | D11: =D10-D9 -> 0 | E11: =IF(ABS(B11)<=0.05,"OK","DIFFERENCE") -> OK | F11: =IF(ABS(C11)<=0.05,"OK","DIFFERENCE") -> OK | G11: =IF(ABS(D11)<=0.05,"OK","DIFFERENCE") -> OK
A13: Headcount by service line: reported total (input) | B13: 395442 | C13: 393025 | D13: 406209
A14: Headcount by service line: sum of fact rows | B14: =SUMIFS(FactHeadcount!$C:$C,FactHeadcount!$A:$A,B$4) -> 395432 | C14: =SUMIFS(FactHeadcount!$C:$C,FactHeadcount!$A:$A,C$4) -> 393025 | D14: =SUMIFS(FactHeadcount!$C:$C,FactHeadcount!$A:$A,D$4) -> 406209
A15: Headcount by service line: difference | B15: =B14-B13 -> -10 | C15: =C14-C13 -> 0 | D15: =D14-D13 -> 0 | E15: =IF(ABS(B15)<=0,"OK","DIFFERENCE") -> DIFFERENCE | F15: =IF(ABS(C15)<=0,"OK","DIFFERENCE") -> OK | G15: =IF(ABS(D15)<=0,"OK","DIFFERENCE") -> OK
A18: NOTES
A19: 1. FY23 headcount: the five service-line rows in the PDF add up to 395,432, but the PDF prints a total of 395,442 (difference 10). The 'People by area' table on the same page does add to 395,442. Rows are stored as printed; do not 'fix' them.
A20: 2. Headcount growth: the PDF's printed 'FY23 vs FY24' % does not match the printed FY23 and FY24 values (e.g. Assurance prints 0.6%, values imply 1.9%). A footnote says FY24 was restated vs. the FY24 report. Compute growth in DAX from the stored values; do not store the printed % for that period.
A21: 3. Revenue growth columns are the PDF's reported growth in LOCAL CURRENCY ('LC'). Growth computed from the USD revenue columns will differ (e.g. Tax FY25: 5.5% LC vs about 5.0% in USD). Label them differently in the report.
A22: 4. FY23 service-line revenue is restated by EY for an internal reorganisation (PDF footnote); no change to total FY23 revenue.
A23: 5. Revenue is shown only in US$ billions rounded to one decimal, so derived figures (e.g. revenue per head) are approximate.
A24: 6. DimServiceLine.IsClientServing: 'Practice support' = FALSE is my classification (it has no revenue line in the PDF), not a field printed by EY.
A25: 7. No Service Line x Area breakdown exists in the PDF, so service-line and area visuals cannot cross-filter each other meaningfully.
A26: 8. DimFiscalYear has no year-end date on purpose: not yet verified from the PDF.

Sheet DimFiscalYear
A1: FiscalYear | B1: FYNumber | C1: SortOrder
A2: FY23 | B2: 2023 | C2: 1
A3: FY24 | B3: 2024 | C3: 2
A4: FY25 | B4: 2025 | C4: 3

Sheet DimServiceLine
A1: ServiceLine | B1: SortOrder | C1: IsClientServing
A2: Assurance | B2: 1 | C2: =TRUE() -> TRUE
A3: Tax | B3: 2 | C3: =TRUE() -> TRUE
A4: Consulting | B4: 3 | C4: =TRUE() -> TRUE
A5: Strategy and Transactions | B5: 4 | C5: =TRUE() -> TRUE
A6: Practice support | B6: 5 | C6: =FALSE() -> FALSE

Sheet DimArea
A1: Area | B1: SortOrder
A2: Americas | B2: 1
A3: EMEIA | B3: 2
A4: Asia-Pacific | B4: 3

Sheet FactRevenueServiceLine
A1: FiscalYear | B1: ServiceLine | C1: Revenue_USD_b | D1: Reported_LC_Growth
A2: FY23 | B2: Assurance | C2: 15.1 | D2: 0.11
A3: FY23 | B3: Tax | C3: 12.1 | D3: 0.122
A4: FY23 | B4: Consulting | C4: 16.1 | D4: 0.216
A5: FY23 | B5: Strategy and Transactions | C5: 6.1 | D5: 0.084
A6: FY24 | B6: Assurance | C6: 17.3 | D6: 0.063
A7: FY24 | B7: Tax | C7: 12.1 | D7: 0.063
A8: FY24 | B8: Consulting | C8: 15.6 | D8: 0.001
A9: FY24 | B9: Strategy and Transactions | C9: 6.2 | D9: 0.023
A10: FY25 | B10: Assurance | C10: 17.9 | D10: 0.035
A11: FY25 | B11: Tax | C11: 12.7 | D11: 0.055
A12: FY25 | B12: Consulting | C12: 16.4 | D12: 0.052
A13: FY25 | B13: Strategy and Transactions | C13: 6.2 | D13: -0.004

Sheet FactRevenueArea
A1: FiscalYear | B1: Area | C1: Revenue_USD_b | D1: Reported_LC_Growth
A2: FY23 | B2: Americas | C2: 23.6 | D2: 0.129
A3: FY23 | B3: EMEIA | C3: 18.3 | D3: 0.169
A4: FY23 | B4: Asia-Pacific | C4: 7.5 | D4: 0.117
A5: FY24 | B5: Americas | C5: 24.1 | D5: 0.027
A6: FY24 | B6: EMEIA | C6: 19.9 | D6: 0.069
A7: FY24 | B7: Asia-Pacific | C7: 7.2 | D7: 0
A8: FY25 | B8: Americas | C8: 24.7 | D8: 0.033
A9: FY25 | B9: EMEIA | C9: 21.1 | D9: 0.055
A10: FY25 | B10: Asia-Pacific | C10: 7.4 | D10: 0.023

Sheet FactHeadcount
A1: FiscalYear | B1: ServiceLine | C1: Headcount
A2: FY23 | B2: Assurance | C2: 125244
A3: FY23 | B3: Tax | C3: 73863
A4: FY23 | B4: Consulting | C4: 118703
A5: FY23 | B5: Strategy and Transactions | C5: 26387
A6: FY23 | B6: Practice support | C6: 51235
A7: FY24 | B7: Assurance | C7: 127617
A8: FY24 | B8: Tax | C8: 73098
A9: FY24 | B9: Consulting | C9: 117900
A10: FY24 | B10: Strategy and Transactions | C10: 25483
A11: FY24 | B11: Practice support | C11: 48927
A12: FY25 | B12: Assurance | C12: 130898
A13: FY25 | B13: Tax | C13: 75314
... A16: FY25 | B16: Practice support | C16: 50723
